--
-- PostgreSQL database dump
--

\restrict d7Pb2xPpORZeSvcBEAKYWj7qc3Ut6rp2SsP2A5XXoyEbHDyydENWn03pOKDKQBn

-- Dumped from database version 18.4
-- Dumped by pg_dump version 18.4

-- Started on 2026-06-27 16:36:26

SET statement_timeout = 0;
SET lock_timeout = 0;
SET idle_in_transaction_session_timeout = 0;
SET transaction_timeout = 0;
SET client_encoding = 'UTF8';
SET standard_conforming_strings = on;
SELECT pg_catalog.set_config('search_path', '', false);
SET check_function_bodies = false;
SET xmloption = content;
SET client_min_messages = warning;
SET row_security = off;

--
-- TOC entry 5 (class 2615 OID 16633)
-- Name: public; Type: SCHEMA; Schema: -; Owner: employee_admin
--

-- *not* creating schema, since initdb creates it


ALTER SCHEMA public OWNER TO employee_admin;

--
-- TOC entry 5105 (class 0 OID 0)
-- Dependencies: 5
-- Name: SCHEMA public; Type: COMMENT; Schema: -; Owner: employee_admin
--

COMMENT ON SCHEMA public IS '';


--
-- TOC entry 248 (class 1255 OID 19789)
-- Name: check_joining_date(); Type: FUNCTION; Schema: public; Owner: employee_admin
--

CREATE FUNCTION public.check_joining_date() RETURNS trigger
    LANGUAGE plpgsql
    AS $$
            BEGIN
                IF NEW.joining_date > CURRENT_DATE THEN
                    RAISE EXCEPTION 'Joining date cannot be in the future';
                END IF;
                RETURN NEW;
            END;
            $$;


ALTER FUNCTION public.check_joining_date() OWNER TO employee_admin;

SET default_tablespace = '';

SET default_table_access_method = heap;

--
-- TOC entry 230 (class 1259 OID 16716)
-- Name: accounts_user; Type: TABLE; Schema: public; Owner: employee_admin
--

CREATE TABLE public.accounts_user (
    id bigint NOT NULL,
    password character varying(128) NOT NULL,
    last_login timestamp with time zone,
    is_superuser boolean NOT NULL,
    first_name character varying(150) NOT NULL,
    last_name character varying(150) NOT NULL,
    is_staff boolean NOT NULL,
    is_active boolean NOT NULL,
    date_joined timestamp with time zone NOT NULL,
    username character varying(150),
    email character varying(254) NOT NULL,
    employee_id character varying(20) NOT NULL,
    phone character varying(15),
    role character varying(20) NOT NULL,
    profile_image character varying(100)
);


ALTER TABLE public.accounts_user OWNER TO employee_admin;

--
-- TOC entry 232 (class 1259 OID 16741)
-- Name: accounts_user_groups; Type: TABLE; Schema: public; Owner: employee_admin
--

CREATE TABLE public.accounts_user_groups (
    id bigint NOT NULL,
    user_id bigint NOT NULL,
    group_id integer NOT NULL
);


ALTER TABLE public.accounts_user_groups OWNER TO employee_admin;

--
-- TOC entry 231 (class 1259 OID 16740)
-- Name: accounts_user_groups_id_seq; Type: SEQUENCE; Schema: public; Owner: employee_admin
--

ALTER TABLE public.accounts_user_groups ALTER COLUMN id ADD GENERATED BY DEFAULT AS IDENTITY (
    SEQUENCE NAME public.accounts_user_groups_id_seq
    START WITH 1
    INCREMENT BY 1
    NO MINVALUE
    NO MAXVALUE
    CACHE 1
);


--
-- TOC entry 229 (class 1259 OID 16715)
-- Name: accounts_user_id_seq; Type: SEQUENCE; Schema: public; Owner: employee_admin
--

ALTER TABLE public.accounts_user ALTER COLUMN id ADD GENERATED BY DEFAULT AS IDENTITY (
    SEQUENCE NAME public.accounts_user_id_seq
    START WITH 1
    INCREMENT BY 1
    NO MINVALUE
    NO MAXVALUE
    CACHE 1
);


--
-- TOC entry 234 (class 1259 OID 16750)
-- Name: accounts_user_user_permissions; Type: TABLE; Schema: public; Owner: employee_admin
--

CREATE TABLE public.accounts_user_user_permissions (
    id bigint NOT NULL,
    user_id bigint NOT NULL,
    permission_id integer NOT NULL
);


ALTER TABLE public.accounts_user_user_permissions OWNER TO employee_admin;

--
-- TOC entry 233 (class 1259 OID 16749)
-- Name: accounts_user_user_permissions_id_seq; Type: SEQUENCE; Schema: public; Owner: employee_admin
--

ALTER TABLE public.accounts_user_user_permissions ALTER COLUMN id ADD GENERATED BY DEFAULT AS IDENTITY (
    SEQUENCE NAME public.accounts_user_user_permissions_id_seq
    START WITH 1
    INCREMENT BY 1
    NO MINVALUE
    NO MAXVALUE
    CACHE 1
);


--
-- TOC entry 245 (class 1259 OID 19743)
-- Name: attendance_attendance; Type: TABLE; Schema: public; Owner: employee_admin
--

CREATE TABLE public.attendance_attendance (
    id bigint NOT NULL,
    date date NOT NULL,
    status character varying(20) NOT NULL,
    created_at timestamp with time zone NOT NULL,
    updated_at timestamp with time zone NOT NULL,
    employee_id bigint NOT NULL
);


ALTER TABLE public.attendance_attendance OWNER TO employee_admin;

--
-- TOC entry 244 (class 1259 OID 19742)
-- Name: attendance_attendance_id_seq; Type: SEQUENCE; Schema: public; Owner: employee_admin
--

ALTER TABLE public.attendance_attendance ALTER COLUMN id ADD GENERATED BY DEFAULT AS IDENTITY (
    SEQUENCE NAME public.attendance_attendance_id_seq
    START WITH 1
    INCREMENT BY 1
    NO MINVALUE
    NO MAXVALUE
    CACHE 1
);


--
-- TOC entry 243 (class 1259 OID 16876)
-- Name: audit_logs_auditlog; Type: TABLE; Schema: public; Owner: employee_admin
--

CREATE TABLE public.audit_logs_auditlog (
    id bigint NOT NULL,
    action character varying(50) NOT NULL,
    module character varying(100) NOT NULL,
    "timestamp" timestamp with time zone NOT NULL,
    ip_address inet,
    details text,
    user_id bigint
);


ALTER TABLE public.audit_logs_auditlog OWNER TO employee_admin;

--
-- TOC entry 242 (class 1259 OID 16875)
-- Name: audit_logs_auditlog_id_seq; Type: SEQUENCE; Schema: public; Owner: employee_admin
--

ALTER TABLE public.audit_logs_auditlog ALTER COLUMN id ADD GENERATED BY DEFAULT AS IDENTITY (
    SEQUENCE NAME public.audit_logs_auditlog_id_seq
    START WITH 1
    INCREMENT BY 1
    NO MINVALUE
    NO MAXVALUE
    CACHE 1
);


--
-- TOC entry 226 (class 1259 OID 16669)
-- Name: auth_group; Type: TABLE; Schema: public; Owner: employee_admin
--

CREATE TABLE public.auth_group (
    id integer NOT NULL,
    name character varying(150) NOT NULL
);


ALTER TABLE public.auth_group OWNER TO employee_admin;

--
-- TOC entry 225 (class 1259 OID 16668)
-- Name: auth_group_id_seq; Type: SEQUENCE; Schema: public; Owner: employee_admin
--

ALTER TABLE public.auth_group ALTER COLUMN id ADD GENERATED BY DEFAULT AS IDENTITY (
    SEQUENCE NAME public.auth_group_id_seq
    START WITH 1
    INCREMENT BY 1
    NO MINVALUE
    NO MAXVALUE
    CACHE 1
);


--
-- TOC entry 228 (class 1259 OID 16679)
-- Name: auth_group_permissions; Type: TABLE; Schema: public; Owner: employee_admin
--

CREATE TABLE public.auth_group_permissions (
    id bigint NOT NULL,
    group_id integer NOT NULL,
    permission_id integer NOT NULL
);


ALTER TABLE public.auth_group_permissions OWNER TO employee_admin;

--
-- TOC entry 227 (class 1259 OID 16678)
-- Name: auth_group_permissions_id_seq; Type: SEQUENCE; Schema: public; Owner: employee_admin
--

ALTER TABLE public.auth_group_permissions ALTER COLUMN id ADD GENERATED BY DEFAULT AS IDENTITY (
    SEQUENCE NAME public.auth_group_permissions_id_seq
    START WITH 1
    INCREMENT BY 1
    NO MINVALUE
    NO MAXVALUE
    CACHE 1
);


--
-- TOC entry 224 (class 1259 OID 16659)
-- Name: auth_permission; Type: TABLE; Schema: public; Owner: employee_admin
--

CREATE TABLE public.auth_permission (
    id integer NOT NULL,
    name character varying(255) NOT NULL,
    content_type_id integer NOT NULL,
    codename character varying(100) NOT NULL
);


ALTER TABLE public.auth_permission OWNER TO employee_admin;

--
-- TOC entry 223 (class 1259 OID 16658)
-- Name: auth_permission_id_seq; Type: SEQUENCE; Schema: public; Owner: employee_admin
--

ALTER TABLE public.auth_permission ALTER COLUMN id ADD GENERATED BY DEFAULT AS IDENTITY (
    SEQUENCE NAME public.auth_permission_id_seq
    START WITH 1
    INCREMENT BY 1
    NO MINVALUE
    NO MAXVALUE
    CACHE 1
);


--
-- TOC entry 238 (class 1259 OID 16817)
-- Name: departments_department; Type: TABLE; Schema: public; Owner: employee_admin
--

CREATE TABLE public.departments_department (
    id bigint NOT NULL,
    name character varying(100) NOT NULL,
    description text NOT NULL,
    created_at timestamp with time zone NOT NULL,
    updated_at timestamp with time zone NOT NULL
);


ALTER TABLE public.departments_department OWNER TO employee_admin;

--
-- TOC entry 237 (class 1259 OID 16816)
-- Name: departments_department_id_seq; Type: SEQUENCE; Schema: public; Owner: employee_admin
--

ALTER TABLE public.departments_department ALTER COLUMN id ADD GENERATED BY DEFAULT AS IDENTITY (
    SEQUENCE NAME public.departments_department_id_seq
    START WITH 1
    INCREMENT BY 1
    NO MINVALUE
    NO MAXVALUE
    CACHE 1
);


--
-- TOC entry 236 (class 1259 OID 16790)
-- Name: django_admin_log; Type: TABLE; Schema: public; Owner: employee_admin
--

CREATE TABLE public.django_admin_log (
    id integer NOT NULL,
    action_time timestamp with time zone NOT NULL,
    object_id text,
    object_repr character varying(200) NOT NULL,
    action_flag smallint NOT NULL,
    change_message text NOT NULL,
    content_type_id integer,
    user_id bigint NOT NULL,
    CONSTRAINT django_admin_log_action_flag_check CHECK ((action_flag >= 0))
);


ALTER TABLE public.django_admin_log OWNER TO employee_admin;

--
-- TOC entry 235 (class 1259 OID 16789)
-- Name: django_admin_log_id_seq; Type: SEQUENCE; Schema: public; Owner: employee_admin
--

ALTER TABLE public.django_admin_log ALTER COLUMN id ADD GENERATED BY DEFAULT AS IDENTITY (
    SEQUENCE NAME public.django_admin_log_id_seq
    START WITH 1
    INCREMENT BY 1
    NO MINVALUE
    NO MAXVALUE
    CACHE 1
);


--
-- TOC entry 222 (class 1259 OID 16647)
-- Name: django_content_type; Type: TABLE; Schema: public; Owner: employee_admin
--

CREATE TABLE public.django_content_type (
    id integer NOT NULL,
    app_label character varying(100) NOT NULL,
    model character varying(100) NOT NULL
);


ALTER TABLE public.django_content_type OWNER TO employee_admin;

--
-- TOC entry 221 (class 1259 OID 16646)
-- Name: django_content_type_id_seq; Type: SEQUENCE; Schema: public; Owner: employee_admin
--

ALTER TABLE public.django_content_type ALTER COLUMN id ADD GENERATED BY DEFAULT AS IDENTITY (
    SEQUENCE NAME public.django_content_type_id_seq
    START WITH 1
    INCREMENT BY 1
    NO MINVALUE
    NO MAXVALUE
    CACHE 1
);


--
-- TOC entry 220 (class 1259 OID 16635)
-- Name: django_migrations; Type: TABLE; Schema: public; Owner: employee_admin
--

CREATE TABLE public.django_migrations (
    id bigint NOT NULL,
    app character varying(255) NOT NULL,
    name character varying(255) NOT NULL,
    applied timestamp with time zone NOT NULL
);


ALTER TABLE public.django_migrations OWNER TO employee_admin;

--
-- TOC entry 219 (class 1259 OID 16634)
-- Name: django_migrations_id_seq; Type: SEQUENCE; Schema: public; Owner: employee_admin
--

ALTER TABLE public.django_migrations ALTER COLUMN id ADD GENERATED BY DEFAULT AS IDENTITY (
    SEQUENCE NAME public.django_migrations_id_seq
    START WITH 1
    INCREMENT BY 1
    NO MINVALUE
    NO MAXVALUE
    CACHE 1
);


--
-- TOC entry 241 (class 1259 OID 16862)
-- Name: django_session; Type: TABLE; Schema: public; Owner: employee_admin
--

CREATE TABLE public.django_session (
    session_key character varying(40) NOT NULL,
    session_data text NOT NULL,
    expire_date timestamp with time zone NOT NULL
);


ALTER TABLE public.django_session OWNER TO employee_admin;

--
-- TOC entry 240 (class 1259 OID 16830)
-- Name: employees_employee; Type: TABLE; Schema: public; Owner: employee_admin
--

CREATE TABLE public.employees_employee (
    id bigint NOT NULL,
    employee_id character varying(20) NOT NULL,
    first_name character varying(100) NOT NULL,
    last_name character varying(100) NOT NULL,
    email character varying(254) NOT NULL,
    phone character varying(15) NOT NULL,
    salary numeric(10,2) NOT NULL,
    joining_date date NOT NULL,
    designation character varying(100) NOT NULL,
    status character varying(20) NOT NULL,
    created_at timestamp with time zone NOT NULL,
    updated_at timestamp with time zone NOT NULL,
    department_id bigint NOT NULL,
    profile_image character varying(100),
    CONSTRAINT salary_check CHECK ((salary >= (10000)::numeric))
);


ALTER TABLE public.employees_employee OWNER TO employee_admin;

--
-- TOC entry 239 (class 1259 OID 16829)
-- Name: employees_employee_id_seq; Type: SEQUENCE; Schema: public; Owner: employee_admin
--

ALTER TABLE public.employees_employee ALTER COLUMN id ADD GENERATED BY DEFAULT AS IDENTITY (
    SEQUENCE NAME public.employees_employee_id_seq
    START WITH 1
    INCREMENT BY 1
    NO MINVALUE
    NO MAXVALUE
    CACHE 1
);


--
-- TOC entry 247 (class 1259 OID 19763)
-- Name: payroll_payroll; Type: TABLE; Schema: public; Owner: employee_admin
--

CREATE TABLE public.payroll_payroll (
    id bigint NOT NULL,
    month character varying(7) NOT NULL,
    net_salary numeric(10,2) NOT NULL,
    created_at timestamp with time zone NOT NULL,
    updated_at timestamp with time zone NOT NULL,
    employee_id bigint NOT NULL
);


ALTER TABLE public.payroll_payroll OWNER TO employee_admin;

--
-- TOC entry 246 (class 1259 OID 19762)
-- Name: payroll_payroll_id_seq; Type: SEQUENCE; Schema: public; Owner: employee_admin
--

ALTER TABLE public.payroll_payroll ALTER COLUMN id ADD GENERATED BY DEFAULT AS IDENTITY (
    SEQUENCE NAME public.payroll_payroll_id_seq
    START WITH 1
    INCREMENT BY 1
    NO MINVALUE
    NO MAXVALUE
    CACHE 1
);


--
-- TOC entry 5082 (class 0 OID 16716)
-- Dependencies: 230
-- Data for Name: accounts_user; Type: TABLE DATA; Schema: public; Owner: employee_admin
--

COPY public.accounts_user (id, password, last_login, is_superuser, first_name, last_name, is_staff, is_active, date_joined, username, email, employee_id, phone, role, profile_image) FROM stdin;
4	pbkdf2_sha256$1200000$nroFAob2JRjy4RoC47YYEw$sp83e91zqZQ2b6j9KV+QVah8Hie80fcuJM+6Hs6re1c=	\N	t	Admin	User	t	t	2026-06-23 20:54:51.022925+05:30	testadmin	testadmin@acme.com	EMP101	\N	ADMIN	
5	pbkdf2_sha256$1200000$AtB6J7JyhmHKrBf1cKt2sm$gVbkYokC3KrE4c3wtDcreB9nuOm3d7wzX30UlT9atTU=	\N	f	HR	User	t	t	2026-06-23 20:54:52.001162+05:30	testhr	testhr@acme.com	EMP102	\N	HR	
6	pbkdf2_sha256$1200000$cyizn6fKX79BezEuGQgeKw$qYiciwdJ0byqbsrXoYdVD4EtA3Z6DOFmLpkC7kOvICM=	\N	f	Employee	User	f	t	2026-06-23 20:54:52.967052+05:30	testemployee	testemployee@acme.com	EMP103	9999999999	EMPLOYEE	
8	pbkdf2_sha256$1200000$NnnWIoWkIbYiJNALoF3XN4$32AA1Wi0yobNVxHe3qMttCYmt7EMWgskxI5SSv9m85w=	\N	t	sarvesh	reddy	t	t	2026-06-24 16:13:12.126088+05:30	sarveshvara	sarveshvara@blackroth.in	EMP0002	9964873553	ADMIN	
7	pbkdf2_sha256$1200000$eMefx4HAxLoFwidEaftoXt$9rx0Q0CobH1rVUS0zxGrN0FQWH9lDNcsaMG6Bmq8PHo=	\N	t	chris	prat	t	t	2026-06-24 16:11:10.462615+05:30	chris	chris@abc.in	EMP0001	8699455333	ADMIN	
9	pbkdf2_sha256$1200000$nFdynT6hD5i1ZuUxuOrUZ9$84SVflrfq1k1mwbKI4yNo2liE3kT1CYpRKjvpSXXX0U=	2026-06-24 16:49:17.116972+05:30	t	sarvesh	reddy	t	t	2026-06-24 16:47:58.210057+05:30	sarveshvara_1	sarveshvara@gmail.com	EMP0003	9964873553	ADMIN	
\.


--
-- TOC entry 5084 (class 0 OID 16741)
-- Dependencies: 232
-- Data for Name: accounts_user_groups; Type: TABLE DATA; Schema: public; Owner: employee_admin
--

COPY public.accounts_user_groups (id, user_id, group_id) FROM stdin;
16	4	1
17	5	2
19	6	4
21	8	1
22	7	1
24	9	1
\.


--
-- TOC entry 5086 (class 0 OID 16750)
-- Dependencies: 234
-- Data for Name: accounts_user_user_permissions; Type: TABLE DATA; Schema: public; Owner: employee_admin
--

COPY public.accounts_user_user_permissions (id, user_id, permission_id) FROM stdin;
\.


--
-- TOC entry 5097 (class 0 OID 19743)
-- Dependencies: 245
-- Data for Name: attendance_attendance; Type: TABLE DATA; Schema: public; Owner: employee_admin
--

COPY public.attendance_attendance (id, date, status, created_at, updated_at, employee_id) FROM stdin;
\.


--
-- TOC entry 5095 (class 0 OID 16876)
-- Dependencies: 243
-- Data for Name: audit_logs_auditlog; Type: TABLE DATA; Schema: public; Owner: employee_admin
--

COPY public.audit_logs_auditlog (id, action, module, "timestamp", ip_address, details, user_id) FROM stdin;
1	CREATE	Employees	2026-06-27 16:21:50.186311+05:30	\N	Employee ID: EMP1000, Name: Ethan Jones, Designation: Executive	\N
2	CREATE	Employees	2026-06-27 16:21:50.194872+05:30	\N	Employee ID: EMP1001, Name: Olivia Williams, Designation: Executive	\N
3	CREATE	Employees	2026-06-27 16:21:50.19917+05:30	\N	Employee ID: EMP1002, Name: Ethan Jones, Designation: Executive	\N
4	CREATE	Employees	2026-06-27 16:21:50.201979+05:30	\N	Employee ID: EMP1003, Name: Lucas Brown, Designation: Coordinator	\N
5	CREATE	Employees	2026-06-27 16:21:50.204765+05:30	\N	Employee ID: EMP1004, Name: Ava Williams, Designation: Manager	\N
6	CREATE	Employees	2026-06-27 16:21:50.207561+05:30	\N	Employee ID: EMP1005, Name: Noah Smith, Designation: Executive	\N
7	CREATE	Employees	2026-06-27 16:21:50.210437+05:30	\N	Employee ID: EMP1006, Name: Noah Garcia, Designation: Executive	\N
8	CREATE	Employees	2026-06-27 16:21:50.214434+05:30	\N	Employee ID: EMP1007, Name: Noah Garcia, Designation: Manager	\N
9	CREATE	Employees	2026-06-27 16:21:50.217324+05:30	\N	Employee ID: EMP1008, Name: Sara Johnson, Designation: Manager	\N
10	CREATE	Employees	2026-06-27 16:21:50.220108+05:30	\N	Employee ID: EMP1009, Name: Olivia Jones, Designation: Manager	\N
11	CREATE	Employees	2026-06-27 16:21:50.222853+05:30	\N	Employee ID: EMP1010, Name: Mia Smith, Designation: Manager	\N
12	CREATE	Employees	2026-06-27 16:21:50.225688+05:30	\N	Employee ID: EMP1011, Name: Ethan Brown, Designation: Coordinator	\N
13	CREATE	Employees	2026-06-27 16:21:50.229285+05:30	\N	Employee ID: EMP1012, Name: Noah Kumar, Designation: Executive	\N
14	CREATE	Employees	2026-06-27 16:21:50.23267+05:30	\N	Employee ID: EMP1013, Name: Sara Johnson, Designation: Manager	\N
15	CREATE	Employees	2026-06-27 16:21:50.235491+05:30	\N	Employee ID: EMP1014, Name: Liam Jones, Designation: Executive	\N
16	CREATE	Employees	2026-06-27 16:21:50.238255+05:30	\N	Employee ID: EMP1015, Name: Liam Smith, Designation: Manager	\N
17	CREATE	Employees	2026-06-27 16:21:50.241038+05:30	\N	Employee ID: EMP1016, Name: Emma Kumar, Designation: Analyst	\N
18	CREATE	Employees	2026-06-27 16:21:50.244065+05:30	\N	Employee ID: EMP1017, Name: Ajay Patel, Designation: Developer	\N
19	CREATE	Employees	2026-06-27 16:21:50.248329+05:30	\N	Employee ID: EMP1018, Name: Lucas Brown, Designation: Manager	\N
20	CREATE	Employees	2026-06-27 16:21:50.251422+05:30	\N	Employee ID: EMP1019, Name: Noah Jones, Designation: Coordinator	\N
21	CREATE	Employees	2026-06-27 16:21:50.254439+05:30	\N	Employee ID: EMP1020, Name: Sara Smith, Designation: Developer	\N
22	CREATE	Employees	2026-06-27 16:21:50.257629+05:30	\N	Employee ID: EMP1021, Name: Sara Smith, Designation: Developer	\N
23	CREATE	Employees	2026-06-27 16:21:50.26121+05:30	\N	Employee ID: EMP1022, Name: Ethan Kumar, Designation: Executive	\N
24	CREATE	Employees	2026-06-27 16:21:50.2656+05:30	\N	Employee ID: EMP1023, Name: Ethan Johnson, Designation: Coordinator	\N
25	CREATE	Employees	2026-06-27 16:21:50.268623+05:30	\N	Employee ID: EMP1024, Name: Lucas Brown, Designation: Analyst	\N
\.


--
-- TOC entry 5078 (class 0 OID 16669)
-- Dependencies: 226
-- Data for Name: auth_group; Type: TABLE DATA; Schema: public; Owner: employee_admin
--

COPY public.auth_group (id, name) FROM stdin;
1	Admin
2	HR
3	Manager
4	Employee
\.


--
-- TOC entry 5080 (class 0 OID 16679)
-- Dependencies: 228
-- Data for Name: auth_group_permissions; Type: TABLE DATA; Schema: public; Owner: employee_admin
--

COPY public.auth_group_permissions (id, group_id, permission_id) FROM stdin;
1	2	25
2	2	26
3	2	27
4	2	28
5	2	21
6	2	22
7	2	23
8	2	24
9	3	26
10	3	28
11	3	24
12	4	28
\.


--
-- TOC entry 5076 (class 0 OID 16659)
-- Dependencies: 224
-- Data for Name: auth_permission; Type: TABLE DATA; Schema: public; Owner: employee_admin
--

COPY public.auth_permission (id, name, content_type_id, codename) FROM stdin;
1	Can add log entry	1	add_logentry
2	Can change log entry	1	change_logentry
3	Can delete log entry	1	delete_logentry
4	Can view log entry	1	view_logentry
5	Can add permission	3	add_permission
6	Can change permission	3	change_permission
7	Can delete permission	3	delete_permission
8	Can view permission	3	view_permission
9	Can add group	2	add_group
10	Can change group	2	change_group
11	Can delete group	2	delete_group
12	Can view group	2	view_group
13	Can add content type	4	add_contenttype
14	Can change content type	4	change_contenttype
15	Can delete content type	4	delete_contenttype
16	Can view content type	4	view_contenttype
17	Can add session	5	add_session
18	Can change session	5	change_session
19	Can delete session	5	delete_session
20	Can view session	5	view_session
21	Can add department	6	add_department
22	Can change department	6	change_department
23	Can delete department	6	delete_department
24	Can view department	6	view_department
25	Can add employee	7	add_employee
26	Can change employee	7	change_employee
27	Can delete employee	7	delete_employee
28	Can view employee	7	view_employee
29	Can add user	8	add_user
30	Can change user	8	change_user
31	Can delete user	8	delete_user
32	Can view user	8	view_user
33	Can add audit log	9	add_auditlog
34	Can change audit log	9	change_auditlog
35	Can delete audit log	9	delete_auditlog
36	Can view audit log	9	view_auditlog
37	Can add payroll	10	add_payroll
38	Can change payroll	10	change_payroll
39	Can delete payroll	10	delete_payroll
40	Can view payroll	10	view_payroll
41	Can add attendance	11	add_attendance
42	Can change attendance	11	change_attendance
43	Can delete attendance	11	delete_attendance
44	Can view attendance	11	view_attendance
\.


--
-- TOC entry 5090 (class 0 OID 16817)
-- Dependencies: 238
-- Data for Name: departments_department; Type: TABLE DATA; Schema: public; Owner: employee_admin
--

COPY public.departments_department (id, name, description, created_at, updated_at) FROM stdin;
1	Engineering	Engineering Unit	2026-06-23 20:54:35.316962+05:30	2026-06-23 20:54:35.316979+05:30
2	Human Resources	Human Resources department	2026-06-27 16:21:50.166495+05:30	2026-06-27 16:21:50.166511+05:30
3	Marketing	Marketing department	2026-06-27 16:21:50.172577+05:30	2026-06-27 16:21:50.172587+05:30
4	Finance	Finance department	2026-06-27 16:21:50.174418+05:30	2026-06-27 16:21:50.174429+05:30
5	Support	Support department	2026-06-27 16:21:50.176182+05:30	2026-06-27 16:21:50.176191+05:30
\.


--
-- TOC entry 5088 (class 0 OID 16790)
-- Dependencies: 236
-- Data for Name: django_admin_log; Type: TABLE DATA; Schema: public; Owner: employee_admin
--

COPY public.django_admin_log (id, action_time, object_id, object_repr, action_flag, change_message, content_type_id, user_id) FROM stdin;
\.


--
-- TOC entry 5074 (class 0 OID 16647)
-- Dependencies: 222
-- Data for Name: django_content_type; Type: TABLE DATA; Schema: public; Owner: employee_admin
--

COPY public.django_content_type (id, app_label, model) FROM stdin;
1	admin	logentry
2	auth	group
3	auth	permission
4	contenttypes	contenttype
5	sessions	session
6	departments	department
7	employees	employee
8	accounts	user
9	audit_logs	auditlog
10	payroll	payroll
11	attendance	attendance
\.


--
-- TOC entry 5072 (class 0 OID 16635)
-- Dependencies: 220
-- Data for Name: django_migrations; Type: TABLE DATA; Schema: public; Owner: employee_admin
--

COPY public.django_migrations (id, app, name, applied) FROM stdin;
1	contenttypes	0001_initial	2026-06-23 20:50:37.004293+05:30
2	contenttypes	0002_remove_content_type_name	2026-06-23 20:50:37.017413+05:30
3	auth	0001_initial	2026-06-23 20:50:37.073728+05:30
4	auth	0002_alter_permission_name_max_length	2026-06-23 20:50:37.079655+05:30
5	auth	0003_alter_user_email_max_length	2026-06-23 20:50:37.085597+05:30
6	auth	0004_alter_user_username_opts	2026-06-23 20:50:37.09118+05:30
7	auth	0005_alter_user_last_login_null	2026-06-23 20:50:37.096261+05:30
8	auth	0006_require_contenttypes_0002	2026-06-23 20:50:37.097569+05:30
9	auth	0007_alter_validators_add_error_messages	2026-06-23 20:50:37.103641+05:30
10	auth	0008_alter_user_username_max_length	2026-06-23 20:50:37.10934+05:30
11	auth	0009_alter_user_last_name_max_length	2026-06-23 20:50:37.114363+05:30
12	auth	0010_alter_group_name_max_length	2026-06-23 20:50:37.122163+05:30
13	auth	0011_update_proxy_permissions	2026-06-23 20:50:37.127022+05:30
14	auth	0012_alter_user_first_name_max_length	2026-06-23 20:50:37.137711+05:30
15	accounts	0001_initial	2026-06-23 20:50:37.190889+05:30
16	admin	0001_initial	2026-06-23 20:50:37.219634+05:30
17	admin	0002_logentry_remove_auto_add	2026-06-23 20:50:37.226918+05:30
18	admin	0003_logentry_add_action_flag_choices	2026-06-23 20:50:37.235333+05:30
19	departments	0001_initial	2026-06-23 20:50:37.24397+05:30
20	employees	0001_initial	2026-06-23 20:50:37.269193+05:30
21	employees	0002_employee_profile_image	2026-06-23 20:50:37.273293+05:30
22	sessions	0001_initial	2026-06-23 20:50:37.285255+05:30
23	audit_logs	0001_initial	2026-06-25 09:41:33.241627+05:30
24	attendance	0001_initial	2026-06-27 16:24:08.633787+05:30
25	payroll	0001_initial	2026-06-27 16:24:08.653056+05:30
26	departments	0002_alter_department_name	2026-06-27 16:25:03.775902+05:30
27	employees	0003_employee_idx_employee_joining_date_and_more	2026-06-27 16:25:03.811906+05:30
28	employees	0004_add_joining_date_trigger	2026-06-27 16:25:52.841042+05:30
\.


--
-- TOC entry 5093 (class 0 OID 16862)
-- Dependencies: 241
-- Data for Name: django_session; Type: TABLE DATA; Schema: public; Owner: employee_admin
--

COPY public.django_session (session_key, session_data, expire_date) FROM stdin;
akag9qep53oxhj8czkfg4lo0lujcm8ek	.eJxVjDEPgjAQRv9LZ9NUoNBjw93Rmdxdr4I2bUIhDsb_bkgYdH3vfd9bjbit07gVWcbZq16BOv0yQn5K2oV_YLpnzTmty0x6T_Rhix5izK8hxluRpVyzl3g5hn9vE5ZJ9UrONXQBBSUQOO8YQm3ECFtHFqnqoHXQNsFB1VHFjrFBS4Zbb8GzQfX5AoWVPg0:1wcLdV:P9KSI8vDa2_Xy34_qBUzR8EYE-JZosmu6rJeMshuiDg	2026-07-08 16:49:17.161237+05:30
\.


--
-- TOC entry 5092 (class 0 OID 16830)
-- Dependencies: 240
-- Data for Name: employees_employee; Type: TABLE DATA; Schema: public; Owner: employee_admin
--

COPY public.employees_employee (id, employee_id, first_name, last_name, email, phone, salary, joining_date, designation, status, created_at, updated_at, department_id, profile_image) FROM stdin;
1	EMP101	Admin	User	testadmin@acme.com	1234567890	150000.00	2025-01-01	System Admin	active	2026-06-24 10:48:53.369887+05:30	2026-06-24 10:48:53.369905+05:30	1	
2	EMP102	HR	User	testhr@acme.com	2345678901	80000.00	2025-02-01	HR Manager	active	2026-06-24 10:48:53.379838+05:30	2026-06-24 10:48:53.379847+05:30	1	
3	EMP103	Ajay	Sharma	testemployee@acme.com	3456789012	50000.00	2025-03-01	Software Engineer	active	2026-06-24 10:48:53.381514+05:30	2026-06-24 10:48:53.381523+05:30	1	
6	EMP0001	chris	prat	chris@abc.in	8699455333	10000.00	2026-06-24	ADMIN	active	2026-06-24 16:11:11.457483+05:30	2026-06-24 16:11:11.4575+05:30	1	
7	EMP0002	sarvesh	reddy	sarveshvara@blackroth.in	9964873553	10000.00	2026-06-24	ADMIN	active	2026-06-24 16:13:13.021999+05:30	2026-06-24 16:13:13.022009+05:30	1	
8	EMP0003	sarvesh	reddy	sarveshvara@gmail.com	9964873553	10000.00	2026-06-24	ADMIN	active	2026-06-24 16:47:59.116003+05:30	2026-06-24 16:47:59.116022+05:30	1	
9	EMP1000	Ethan	Jones	ethan.jones0@example.com	9996365721	65040.00	2026-06-27	Executive	active	2026-06-27 16:21:50.184569+05:30	2026-06-27 16:21:50.18458+05:30	4	
10	EMP1001	Olivia	Williams	olivia.williams1@example.com	9684765353	86380.00	2026-06-27	Executive	active	2026-06-27 16:21:50.194108+05:30	2026-06-27 16:21:50.194118+05:30	4	
11	EMP1002	Ethan	Jones	ethan.jones2@example.com	9148930333	69502.00	2026-06-27	Executive	active	2026-06-27 16:21:50.198263+05:30	2026-06-27 16:21:50.198273+05:30	3	
12	EMP1003	Lucas	Brown	lucas.brown3@example.com	9400246010	37022.00	2026-06-27	Coordinator	active	2026-06-27 16:21:50.201143+05:30	2026-06-27 16:21:50.201151+05:30	3	
13	EMP1004	Ava	Williams	ava.williams4@example.com	9982927093	69719.00	2026-06-27	Manager	active	2026-06-27 16:21:50.203928+05:30	2026-06-27 16:21:50.203937+05:30	2	
14	EMP1005	Noah	Smith	noah.smith5@example.com	9926932134	78347.00	2026-06-27	Executive	active	2026-06-27 16:21:50.206708+05:30	2026-06-27 16:21:50.206717+05:30	4	
15	EMP1006	Noah	Garcia	noah.garcia6@example.com	9496282416	57773.00	2026-06-27	Executive	active	2026-06-27 16:21:50.209593+05:30	2026-06-27 16:21:50.209602+05:30	2	
16	EMP1007	Noah	Garcia	noah.garcia7@example.com	9327754950	88661.00	2026-06-27	Manager	active	2026-06-27 16:21:50.213403+05:30	2026-06-27 16:21:50.213415+05:30	4	
17	EMP1008	Sara	Johnson	sara.johnson8@example.com	9322859981	86912.00	2026-06-27	Manager	active	2026-06-27 16:21:50.216464+05:30	2026-06-27 16:21:50.216473+05:30	5	
18	EMP1009	Olivia	Jones	olivia.jones9@example.com	9308934128	63522.00	2026-06-27	Manager	active	2026-06-27 16:21:50.219261+05:30	2026-06-27 16:21:50.21927+05:30	5	
19	EMP1010	Mia	Smith	mia.smith10@example.com	9335639874	53718.00	2026-06-27	Manager	active	2026-06-27 16:21:50.222001+05:30	2026-06-27 16:21:50.22201+05:30	4	
20	EMP1011	Ethan	Brown	ethan.brown11@example.com	9731504184	78522.00	2026-06-27	Coordinator	active	2026-06-27 16:21:50.224771+05:30	2026-06-27 16:21:50.22478+05:30	4	
21	EMP1012	Noah	Kumar	noah.kumar12@example.com	9683207522	78632.00	2026-06-27	Executive	active	2026-06-27 16:21:50.227758+05:30	2026-06-27 16:21:50.227767+05:30	4	
22	EMP1013	Sara	Johnson	sara.johnson13@example.com	9935470438	85153.00	2026-06-27	Manager	active	2026-06-27 16:21:50.231739+05:30	2026-06-27 16:21:50.231749+05:30	5	
23	EMP1014	Liam	Jones	liam.jones14@example.com	9520879347	63971.00	2026-06-27	Executive	active	2026-06-27 16:21:50.234651+05:30	2026-06-27 16:21:50.234661+05:30	5	
24	EMP1015	Liam	Smith	liam.smith15@example.com	9284825649	42156.00	2026-06-27	Manager	active	2026-06-27 16:21:50.237388+05:30	2026-06-27 16:21:50.237398+05:30	5	
25	EMP1016	Emma	Kumar	emma.kumar16@example.com	9950855909	30316.00	2026-06-27	Analyst	active	2026-06-27 16:21:50.240147+05:30	2026-06-27 16:21:50.240156+05:30	2	
26	EMP1017	Ajay	Patel	ajay.patel17@example.com	9265349337	47369.00	2026-06-27	Developer	active	2026-06-27 16:21:50.243148+05:30	2026-06-27 16:21:50.243158+05:30	3	
27	EMP1018	Lucas	Brown	lucas.brown18@example.com	9797825516	64057.00	2026-06-27	Manager	active	2026-06-27 16:21:50.247426+05:30	2026-06-27 16:21:50.247437+05:30	1	
28	EMP1019	Noah	Jones	noah.jones19@example.com	9939196377	84456.00	2026-06-27	Coordinator	active	2026-06-27 16:21:50.250497+05:30	2026-06-27 16:21:50.250507+05:30	2	
29	EMP1020	Sara	Smith	sara.smith20@example.com	9812582030	47590.00	2026-06-27	Developer	active	2026-06-27 16:21:50.253525+05:30	2026-06-27 16:21:50.253535+05:30	1	
30	EMP1021	Sara	Smith	sara.smith21@example.com	9742802278	58678.00	2026-06-27	Developer	active	2026-06-27 16:21:50.256651+05:30	2026-06-27 16:21:50.256663+05:30	5	
31	EMP1022	Ethan	Kumar	ethan.kumar22@example.com	9861377104	70751.00	2026-06-27	Executive	active	2026-06-27 16:21:50.260259+05:30	2026-06-27 16:21:50.26027+05:30	5	
32	EMP1023	Ethan	Johnson	ethan.johnson23@example.com	9147895986	42982.00	2026-06-27	Coordinator	active	2026-06-27 16:21:50.264547+05:30	2026-06-27 16:21:50.264559+05:30	1	
33	EMP1024	Lucas	Brown	lucas.brown24@example.com	9927195495	31462.00	2026-06-27	Analyst	active	2026-06-27 16:21:50.267755+05:30	2026-06-27 16:21:50.267765+05:30	4	
\.


--
-- TOC entry 5099 (class 0 OID 19763)
-- Dependencies: 247
-- Data for Name: payroll_payroll; Type: TABLE DATA; Schema: public; Owner: employee_admin
--

COPY public.payroll_payroll (id, month, net_salary, created_at, updated_at, employee_id) FROM stdin;
\.


--
-- TOC entry 5107 (class 0 OID 0)
-- Dependencies: 231
-- Name: accounts_user_groups_id_seq; Type: SEQUENCE SET; Schema: public; Owner: employee_admin
--

SELECT pg_catalog.setval('public.accounts_user_groups_id_seq', 24, true);


--
-- TOC entry 5108 (class 0 OID 0)
-- Dependencies: 229
-- Name: accounts_user_id_seq; Type: SEQUENCE SET; Schema: public; Owner: employee_admin
--

SELECT pg_catalog.setval('public.accounts_user_id_seq', 9, true);


--
-- TOC entry 5109 (class 0 OID 0)
-- Dependencies: 233
-- Name: accounts_user_user_permissions_id_seq; Type: SEQUENCE SET; Schema: public; Owner: employee_admin
--

SELECT pg_catalog.setval('public.accounts_user_user_permissions_id_seq', 1, false);


--
-- TOC entry 5110 (class 0 OID 0)
-- Dependencies: 244
-- Name: attendance_attendance_id_seq; Type: SEQUENCE SET; Schema: public; Owner: employee_admin
--

SELECT pg_catalog.setval('public.attendance_attendance_id_seq', 1, false);


--
-- TOC entry 5111 (class 0 OID 0)
-- Dependencies: 242
-- Name: audit_logs_auditlog_id_seq; Type: SEQUENCE SET; Schema: public; Owner: employee_admin
--

SELECT pg_catalog.setval('public.audit_logs_auditlog_id_seq', 25, true);


--
-- TOC entry 5112 (class 0 OID 0)
-- Dependencies: 225
-- Name: auth_group_id_seq; Type: SEQUENCE SET; Schema: public; Owner: employee_admin
--

SELECT pg_catalog.setval('public.auth_group_id_seq', 4, true);


--
-- TOC entry 5113 (class 0 OID 0)
-- Dependencies: 227
-- Name: auth_group_permissions_id_seq; Type: SEQUENCE SET; Schema: public; Owner: employee_admin
--

SELECT pg_catalog.setval('public.auth_group_permissions_id_seq', 288, true);


--
-- TOC entry 5114 (class 0 OID 0)
-- Dependencies: 223
-- Name: auth_permission_id_seq; Type: SEQUENCE SET; Schema: public; Owner: employee_admin
--

SELECT pg_catalog.setval('public.auth_permission_id_seq', 44, true);


--
-- TOC entry 5115 (class 0 OID 0)
-- Dependencies: 237
-- Name: departments_department_id_seq; Type: SEQUENCE SET; Schema: public; Owner: employee_admin
--

SELECT pg_catalog.setval('public.departments_department_id_seq', 5, true);


--
-- TOC entry 5116 (class 0 OID 0)
-- Dependencies: 235
-- Name: django_admin_log_id_seq; Type: SEQUENCE SET; Schema: public; Owner: employee_admin
--

SELECT pg_catalog.setval('public.django_admin_log_id_seq', 1, false);


--
-- TOC entry 5117 (class 0 OID 0)
-- Dependencies: 221
-- Name: django_content_type_id_seq; Type: SEQUENCE SET; Schema: public; Owner: employee_admin
--

SELECT pg_catalog.setval('public.django_content_type_id_seq', 11, true);


--
-- TOC entry 5118 (class 0 OID 0)
-- Dependencies: 219
-- Name: django_migrations_id_seq; Type: SEQUENCE SET; Schema: public; Owner: employee_admin
--

SELECT pg_catalog.setval('public.django_migrations_id_seq', 28, true);


--
-- TOC entry 5119 (class 0 OID 0)
-- Dependencies: 239
-- Name: employees_employee_id_seq; Type: SEQUENCE SET; Schema: public; Owner: employee_admin
--

SELECT pg_catalog.setval('public.employees_employee_id_seq', 33, true);


--
-- TOC entry 5120 (class 0 OID 0)
-- Dependencies: 246
-- Name: payroll_payroll_id_seq; Type: SEQUENCE SET; Schema: public; Owner: employee_admin
--

SELECT pg_catalog.setval('public.payroll_payroll_id_seq', 1, false);


--
-- TOC entry 4851 (class 2606 OID 16737)
-- Name: accounts_user accounts_user_email_key; Type: CONSTRAINT; Schema: public; Owner: employee_admin
--

ALTER TABLE ONLY public.accounts_user
    ADD CONSTRAINT accounts_user_email_key UNIQUE (email);


--
-- TOC entry 4854 (class 2606 OID 16739)
-- Name: accounts_user accounts_user_employee_id_key; Type: CONSTRAINT; Schema: public; Owner: employee_admin
--

ALTER TABLE ONLY public.accounts_user
    ADD CONSTRAINT accounts_user_employee_id_key UNIQUE (employee_id);


--
-- TOC entry 4862 (class 2606 OID 16748)
-- Name: accounts_user_groups accounts_user_groups_pkey; Type: CONSTRAINT; Schema: public; Owner: employee_admin
--

ALTER TABLE ONLY public.accounts_user_groups
    ADD CONSTRAINT accounts_user_groups_pkey PRIMARY KEY (id);


--
-- TOC entry 4865 (class 2606 OID 16762)
-- Name: accounts_user_groups accounts_user_groups_user_id_group_id_59c0b32f_uniq; Type: CONSTRAINT; Schema: public; Owner: employee_admin
--

ALTER TABLE ONLY public.accounts_user_groups
    ADD CONSTRAINT accounts_user_groups_user_id_group_id_59c0b32f_uniq UNIQUE (user_id, group_id);


--
-- TOC entry 4856 (class 2606 OID 16733)
-- Name: accounts_user accounts_user_pkey; Type: CONSTRAINT; Schema: public; Owner: employee_admin
--

ALTER TABLE ONLY public.accounts_user
    ADD CONSTRAINT accounts_user_pkey PRIMARY KEY (id);


--
-- TOC entry 4867 (class 2606 OID 16776)
-- Name: accounts_user_user_permissions accounts_user_user_permi_user_id_permission_id_2ab516c2_uniq; Type: CONSTRAINT; Schema: public; Owner: employee_admin
--

ALTER TABLE ONLY public.accounts_user_user_permissions
    ADD CONSTRAINT accounts_user_user_permi_user_id_permission_id_2ab516c2_uniq UNIQUE (user_id, permission_id);


--
-- TOC entry 4870 (class 2606 OID 16757)
-- Name: accounts_user_user_permissions accounts_user_user_permissions_pkey; Type: CONSTRAINT; Schema: public; Owner: employee_admin
--

ALTER TABLE ONLY public.accounts_user_user_permissions
    ADD CONSTRAINT accounts_user_user_permissions_pkey PRIMARY KEY (id);


--
-- TOC entry 4859 (class 2606 OID 16735)
-- Name: accounts_user accounts_user_username_key; Type: CONSTRAINT; Schema: public; Owner: employee_admin
--

ALTER TABLE ONLY public.accounts_user
    ADD CONSTRAINT accounts_user_username_key UNIQUE (username);


--
-- TOC entry 4902 (class 2606 OID 19753)
-- Name: attendance_attendance attendance_attendance_pkey; Type: CONSTRAINT; Schema: public; Owner: employee_admin
--

ALTER TABLE ONLY public.attendance_attendance
    ADD CONSTRAINT attendance_attendance_pkey PRIMARY KEY (id);


--
-- TOC entry 4898 (class 2606 OID 16886)
-- Name: audit_logs_auditlog audit_logs_auditlog_pkey; Type: CONSTRAINT; Schema: public; Owner: employee_admin
--

ALTER TABLE ONLY public.audit_logs_auditlog
    ADD CONSTRAINT audit_logs_auditlog_pkey PRIMARY KEY (id);


--
-- TOC entry 4840 (class 2606 OID 16712)
-- Name: auth_group auth_group_name_key; Type: CONSTRAINT; Schema: public; Owner: employee_admin
--

ALTER TABLE ONLY public.auth_group
    ADD CONSTRAINT auth_group_name_key UNIQUE (name);


--
-- TOC entry 4845 (class 2606 OID 16697)
-- Name: auth_group_permissions auth_group_permissions_group_id_permission_id_0cd325b0_uniq; Type: CONSTRAINT; Schema: public; Owner: employee_admin
--

ALTER TABLE ONLY public.auth_group_permissions
    ADD CONSTRAINT auth_group_permissions_group_id_permission_id_0cd325b0_uniq UNIQUE (group_id, permission_id);


--
-- TOC entry 4848 (class 2606 OID 16686)
-- Name: auth_group_permissions auth_group_permissions_pkey; Type: CONSTRAINT; Schema: public; Owner: employee_admin
--

ALTER TABLE ONLY public.auth_group_permissions
    ADD CONSTRAINT auth_group_permissions_pkey PRIMARY KEY (id);


--
-- TOC entry 4842 (class 2606 OID 16675)
-- Name: auth_group auth_group_pkey; Type: CONSTRAINT; Schema: public; Owner: employee_admin
--

ALTER TABLE ONLY public.auth_group
    ADD CONSTRAINT auth_group_pkey PRIMARY KEY (id);


--
-- TOC entry 4835 (class 2606 OID 16688)
-- Name: auth_permission auth_permission_content_type_id_codename_01ab375a_uniq; Type: CONSTRAINT; Schema: public; Owner: employee_admin
--

ALTER TABLE ONLY public.auth_permission
    ADD CONSTRAINT auth_permission_content_type_id_codename_01ab375a_uniq UNIQUE (content_type_id, codename);


--
-- TOC entry 4837 (class 2606 OID 16667)
-- Name: auth_permission auth_permission_pkey; Type: CONSTRAINT; Schema: public; Owner: employee_admin
--

ALTER TABLE ONLY public.auth_permission
    ADD CONSTRAINT auth_permission_pkey PRIMARY KEY (id);


--
-- TOC entry 4878 (class 2606 OID 19783)
-- Name: departments_department departments_department_name_f57acac7_uniq; Type: CONSTRAINT; Schema: public; Owner: employee_admin
--

ALTER TABLE ONLY public.departments_department
    ADD CONSTRAINT departments_department_name_f57acac7_uniq UNIQUE (name);


--
-- TOC entry 4880 (class 2606 OID 16828)
-- Name: departments_department departments_department_pkey; Type: CONSTRAINT; Schema: public; Owner: employee_admin
--

ALTER TABLE ONLY public.departments_department
    ADD CONSTRAINT departments_department_pkey PRIMARY KEY (id);


--
-- TOC entry 4874 (class 2606 OID 16803)
-- Name: django_admin_log django_admin_log_pkey; Type: CONSTRAINT; Schema: public; Owner: employee_admin
--

ALTER TABLE ONLY public.django_admin_log
    ADD CONSTRAINT django_admin_log_pkey PRIMARY KEY (id);


--
-- TOC entry 4830 (class 2606 OID 16657)
-- Name: django_content_type django_content_type_app_label_model_76bd3d3b_uniq; Type: CONSTRAINT; Schema: public; Owner: employee_admin
--

ALTER TABLE ONLY public.django_content_type
    ADD CONSTRAINT django_content_type_app_label_model_76bd3d3b_uniq UNIQUE (app_label, model);


--
-- TOC entry 4832 (class 2606 OID 16655)
-- Name: django_content_type django_content_type_pkey; Type: CONSTRAINT; Schema: public; Owner: employee_admin
--

ALTER TABLE ONLY public.django_content_type
    ADD CONSTRAINT django_content_type_pkey PRIMARY KEY (id);


--
-- TOC entry 4828 (class 2606 OID 16645)
-- Name: django_migrations django_migrations_pkey; Type: CONSTRAINT; Schema: public; Owner: employee_admin
--

ALTER TABLE ONLY public.django_migrations
    ADD CONSTRAINT django_migrations_pkey PRIMARY KEY (id);


--
-- TOC entry 4895 (class 2606 OID 16871)
-- Name: django_session django_session_pkey; Type: CONSTRAINT; Schema: public; Owner: employee_admin
--

ALTER TABLE ONLY public.django_session
    ADD CONSTRAINT django_session_pkey PRIMARY KEY (session_key);


--
-- TOC entry 4884 (class 2606 OID 16853)
-- Name: employees_employee employees_employee_email_key; Type: CONSTRAINT; Schema: public; Owner: employee_admin
--

ALTER TABLE ONLY public.employees_employee
    ADD CONSTRAINT employees_employee_email_key UNIQUE (email);


--
-- TOC entry 4887 (class 2606 OID 16851)
-- Name: employees_employee employees_employee_employee_id_key; Type: CONSTRAINT; Schema: public; Owner: employee_admin
--

ALTER TABLE ONLY public.employees_employee
    ADD CONSTRAINT employees_employee_employee_id_key UNIQUE (employee_id);


--
-- TOC entry 4889 (class 2606 OID 16849)
-- Name: employees_employee employees_employee_pkey; Type: CONSTRAINT; Schema: public; Owner: employee_admin
--

ALTER TABLE ONLY public.employees_employee
    ADD CONSTRAINT employees_employee_pkey PRIMARY KEY (id);


--
-- TOC entry 4907 (class 2606 OID 19773)
-- Name: payroll_payroll payroll_payroll_pkey; Type: CONSTRAINT; Schema: public; Owner: employee_admin
--

ALTER TABLE ONLY public.payroll_payroll
    ADD CONSTRAINT payroll_payroll_pkey PRIMARY KEY (id);


--
-- TOC entry 4904 (class 2606 OID 19755)
-- Name: attendance_attendance unique_employee_date; Type: CONSTRAINT; Schema: public; Owner: employee_admin
--

ALTER TABLE ONLY public.attendance_attendance
    ADD CONSTRAINT unique_employee_date UNIQUE (employee_id, date);


--
-- TOC entry 4909 (class 2606 OID 19775)
-- Name: payroll_payroll unique_employee_month; Type: CONSTRAINT; Schema: public; Owner: employee_admin
--

ALTER TABLE ONLY public.payroll_payroll
    ADD CONSTRAINT unique_employee_month UNIQUE (employee_id, month);


--
-- TOC entry 4849 (class 1259 OID 16759)
-- Name: accounts_user_email_b2644a56_like; Type: INDEX; Schema: public; Owner: employee_admin
--

CREATE INDEX accounts_user_email_b2644a56_like ON public.accounts_user USING btree (email varchar_pattern_ops);


--
-- TOC entry 4852 (class 1259 OID 16760)
-- Name: accounts_user_employee_id_36b5e370_like; Type: INDEX; Schema: public; Owner: employee_admin
--

CREATE INDEX accounts_user_employee_id_36b5e370_like ON public.accounts_user USING btree (employee_id varchar_pattern_ops);


--
-- TOC entry 4860 (class 1259 OID 16774)
-- Name: accounts_user_groups_group_id_bd11a704; Type: INDEX; Schema: public; Owner: employee_admin
--

CREATE INDEX accounts_user_groups_group_id_bd11a704 ON public.accounts_user_groups USING btree (group_id);


--
-- TOC entry 4863 (class 1259 OID 16773)
-- Name: accounts_user_groups_user_id_52b62117; Type: INDEX; Schema: public; Owner: employee_admin
--

CREATE INDEX accounts_user_groups_user_id_52b62117 ON public.accounts_user_groups USING btree (user_id);


--
-- TOC entry 4868 (class 1259 OID 16788)
-- Name: accounts_user_user_permissions_permission_id_113bb443; Type: INDEX; Schema: public; Owner: employee_admin
--

CREATE INDEX accounts_user_user_permissions_permission_id_113bb443 ON public.accounts_user_user_permissions USING btree (permission_id);


--
-- TOC entry 4871 (class 1259 OID 16787)
-- Name: accounts_user_user_permissions_user_id_e4f0a161; Type: INDEX; Schema: public; Owner: employee_admin
--

CREATE INDEX accounts_user_user_permissions_user_id_e4f0a161 ON public.accounts_user_user_permissions USING btree (user_id);


--
-- TOC entry 4857 (class 1259 OID 16758)
-- Name: accounts_user_username_6088629e_like; Type: INDEX; Schema: public; Owner: employee_admin
--

CREATE INDEX accounts_user_username_6088629e_like ON public.accounts_user USING btree (username varchar_pattern_ops);


--
-- TOC entry 4900 (class 1259 OID 19761)
-- Name: attendance_attendance_employee_id_63b4db5a; Type: INDEX; Schema: public; Owner: employee_admin
--

CREATE INDEX attendance_attendance_employee_id_63b4db5a ON public.attendance_attendance USING btree (employee_id);


--
-- TOC entry 4899 (class 1259 OID 16892)
-- Name: audit_logs_auditlog_user_id_64263a1c; Type: INDEX; Schema: public; Owner: employee_admin
--

CREATE INDEX audit_logs_auditlog_user_id_64263a1c ON public.audit_logs_auditlog USING btree (user_id);


--
-- TOC entry 4838 (class 1259 OID 16713)
-- Name: auth_group_name_a6ea08ec_like; Type: INDEX; Schema: public; Owner: employee_admin
--

CREATE INDEX auth_group_name_a6ea08ec_like ON public.auth_group USING btree (name varchar_pattern_ops);


--
-- TOC entry 4843 (class 1259 OID 16708)
-- Name: auth_group_permissions_group_id_b120cbf9; Type: INDEX; Schema: public; Owner: employee_admin
--

CREATE INDEX auth_group_permissions_group_id_b120cbf9 ON public.auth_group_permissions USING btree (group_id);


--
-- TOC entry 4846 (class 1259 OID 16709)
-- Name: auth_group_permissions_permission_id_84c5c92e; Type: INDEX; Schema: public; Owner: employee_admin
--

CREATE INDEX auth_group_permissions_permission_id_84c5c92e ON public.auth_group_permissions USING btree (permission_id);


--
-- TOC entry 4833 (class 1259 OID 16694)
-- Name: auth_permission_content_type_id_2f476e4b; Type: INDEX; Schema: public; Owner: employee_admin
--

CREATE INDEX auth_permission_content_type_id_2f476e4b ON public.auth_permission USING btree (content_type_id);


--
-- TOC entry 4876 (class 1259 OID 19784)
-- Name: departments_department_name_f57acac7_like; Type: INDEX; Schema: public; Owner: employee_admin
--

CREATE INDEX departments_department_name_f57acac7_like ON public.departments_department USING btree (name varchar_pattern_ops);


--
-- TOC entry 4872 (class 1259 OID 16814)
-- Name: django_admin_log_content_type_id_c4bce8eb; Type: INDEX; Schema: public; Owner: employee_admin
--

CREATE INDEX django_admin_log_content_type_id_c4bce8eb ON public.django_admin_log USING btree (content_type_id);


--
-- TOC entry 4875 (class 1259 OID 16815)
-- Name: django_admin_log_user_id_c564eba6; Type: INDEX; Schema: public; Owner: employee_admin
--

CREATE INDEX django_admin_log_user_id_c564eba6 ON public.django_admin_log USING btree (user_id);


--
-- TOC entry 4893 (class 1259 OID 16873)
-- Name: django_session_expire_date_a5c62663; Type: INDEX; Schema: public; Owner: employee_admin
--

CREATE INDEX django_session_expire_date_a5c62663 ON public.django_session USING btree (expire_date);


--
-- TOC entry 4896 (class 1259 OID 16872)
-- Name: django_session_session_key_c0390e0f_like; Type: INDEX; Schema: public; Owner: employee_admin
--

CREATE INDEX django_session_session_key_c0390e0f_like ON public.django_session USING btree (session_key varchar_pattern_ops);


--
-- TOC entry 4881 (class 1259 OID 16861)
-- Name: employees_employee_department_id_410c23c8; Type: INDEX; Schema: public; Owner: employee_admin
--

CREATE INDEX employees_employee_department_id_410c23c8 ON public.employees_employee USING btree (department_id);


--
-- TOC entry 4882 (class 1259 OID 16860)
-- Name: employees_employee_email_14fffd5e_like; Type: INDEX; Schema: public; Owner: employee_admin
--

CREATE INDEX employees_employee_email_14fffd5e_like ON public.employees_employee USING btree (email varchar_pattern_ops);


--
-- TOC entry 4885 (class 1259 OID 16859)
-- Name: employees_employee_employee_id_e152a244_like; Type: INDEX; Schema: public; Owner: employee_admin
--

CREATE INDEX employees_employee_employee_id_e152a244_like ON public.employees_employee USING btree (employee_id varchar_pattern_ops);


--
-- TOC entry 4890 (class 1259 OID 19787)
-- Name: idx_department_salary; Type: INDEX; Schema: public; Owner: employee_admin
--

CREATE INDEX idx_department_salary ON public.employees_employee USING btree (department_id, salary);


--
-- TOC entry 4891 (class 1259 OID 19785)
-- Name: idx_employee_joining_date; Type: INDEX; Schema: public; Owner: employee_admin
--

CREATE INDEX idx_employee_joining_date ON public.employees_employee USING btree (joining_date);


--
-- TOC entry 4892 (class 1259 OID 19786)
-- Name: idx_employee_salary; Type: INDEX; Schema: public; Owner: employee_admin
--

CREATE INDEX idx_employee_salary ON public.employees_employee USING btree (salary);


--
-- TOC entry 4905 (class 1259 OID 19781)
-- Name: payroll_payroll_employee_id_cd24ccf6; Type: INDEX; Schema: public; Owner: employee_admin
--

CREATE INDEX payroll_payroll_employee_id_cd24ccf6 ON public.payroll_payroll USING btree (employee_id);


--
-- TOC entry 4923 (class 2620 OID 19790)
-- Name: employees_employee employee_joining_date_trigger; Type: TRIGGER; Schema: public; Owner: employee_admin
--

CREATE TRIGGER employee_joining_date_trigger BEFORE INSERT OR UPDATE ON public.employees_employee FOR EACH ROW EXECUTE FUNCTION public.check_joining_date();


--
-- TOC entry 4913 (class 2606 OID 16768)
-- Name: accounts_user_groups accounts_user_groups_group_id_bd11a704_fk_auth_group_id; Type: FK CONSTRAINT; Schema: public; Owner: employee_admin
--

ALTER TABLE ONLY public.accounts_user_groups
    ADD CONSTRAINT accounts_user_groups_group_id_bd11a704_fk_auth_group_id FOREIGN KEY (group_id) REFERENCES public.auth_group(id) DEFERRABLE INITIALLY DEFERRED;


--
-- TOC entry 4914 (class 2606 OID 16763)
-- Name: accounts_user_groups accounts_user_groups_user_id_52b62117_fk_accounts_user_id; Type: FK CONSTRAINT; Schema: public; Owner: employee_admin
--

ALTER TABLE ONLY public.accounts_user_groups
    ADD CONSTRAINT accounts_user_groups_user_id_52b62117_fk_accounts_user_id FOREIGN KEY (user_id) REFERENCES public.accounts_user(id) DEFERRABLE INITIALLY DEFERRED;


--
-- TOC entry 4915 (class 2606 OID 16782)
-- Name: accounts_user_user_permissions accounts_user_user_p_permission_id_113bb443_fk_auth_perm; Type: FK CONSTRAINT; Schema: public; Owner: employee_admin
--

ALTER TABLE ONLY public.accounts_user_user_permissions
    ADD CONSTRAINT accounts_user_user_p_permission_id_113bb443_fk_auth_perm FOREIGN KEY (permission_id) REFERENCES public.auth_permission(id) DEFERRABLE INITIALLY DEFERRED;


--
-- TOC entry 4916 (class 2606 OID 16777)
-- Name: accounts_user_user_permissions accounts_user_user_p_user_id_e4f0a161_fk_accounts_; Type: FK CONSTRAINT; Schema: public; Owner: employee_admin
--

ALTER TABLE ONLY public.accounts_user_user_permissions
    ADD CONSTRAINT accounts_user_user_p_user_id_e4f0a161_fk_accounts_ FOREIGN KEY (user_id) REFERENCES public.accounts_user(id) DEFERRABLE INITIALLY DEFERRED;


--
-- TOC entry 4921 (class 2606 OID 19756)
-- Name: attendance_attendance attendance_attendanc_employee_id_63b4db5a_fk_employees; Type: FK CONSTRAINT; Schema: public; Owner: employee_admin
--

ALTER TABLE ONLY public.attendance_attendance
    ADD CONSTRAINT attendance_attendanc_employee_id_63b4db5a_fk_employees FOREIGN KEY (employee_id) REFERENCES public.employees_employee(id) DEFERRABLE INITIALLY DEFERRED;


--
-- TOC entry 4920 (class 2606 OID 16887)
-- Name: audit_logs_auditlog audit_logs_auditlog_user_id_64263a1c_fk_accounts_user_id; Type: FK CONSTRAINT; Schema: public; Owner: employee_admin
--

ALTER TABLE ONLY public.audit_logs_auditlog
    ADD CONSTRAINT audit_logs_auditlog_user_id_64263a1c_fk_accounts_user_id FOREIGN KEY (user_id) REFERENCES public.accounts_user(id) DEFERRABLE INITIALLY DEFERRED;


--
-- TOC entry 4911 (class 2606 OID 16703)
-- Name: auth_group_permissions auth_group_permissio_permission_id_84c5c92e_fk_auth_perm; Type: FK CONSTRAINT; Schema: public; Owner: employee_admin
--

ALTER TABLE ONLY public.auth_group_permissions
    ADD CONSTRAINT auth_group_permissio_permission_id_84c5c92e_fk_auth_perm FOREIGN KEY (permission_id) REFERENCES public.auth_permission(id) DEFERRABLE INITIALLY DEFERRED;


--
-- TOC entry 4912 (class 2606 OID 16698)
-- Name: auth_group_permissions auth_group_permissions_group_id_b120cbf9_fk_auth_group_id; Type: FK CONSTRAINT; Schema: public; Owner: employee_admin
--

ALTER TABLE ONLY public.auth_group_permissions
    ADD CONSTRAINT auth_group_permissions_group_id_b120cbf9_fk_auth_group_id FOREIGN KEY (group_id) REFERENCES public.auth_group(id) DEFERRABLE INITIALLY DEFERRED;


--
-- TOC entry 4910 (class 2606 OID 16689)
-- Name: auth_permission auth_permission_content_type_id_2f476e4b_fk_django_co; Type: FK CONSTRAINT; Schema: public; Owner: employee_admin
--

ALTER TABLE ONLY public.auth_permission
    ADD CONSTRAINT auth_permission_content_type_id_2f476e4b_fk_django_co FOREIGN KEY (content_type_id) REFERENCES public.django_content_type(id) DEFERRABLE INITIALLY DEFERRED;


--
-- TOC entry 4917 (class 2606 OID 16804)
-- Name: django_admin_log django_admin_log_content_type_id_c4bce8eb_fk_django_co; Type: FK CONSTRAINT; Schema: public; Owner: employee_admin
--

ALTER TABLE ONLY public.django_admin_log
    ADD CONSTRAINT django_admin_log_content_type_id_c4bce8eb_fk_django_co FOREIGN KEY (content_type_id) REFERENCES public.django_content_type(id) DEFERRABLE INITIALLY DEFERRED;


--
-- TOC entry 4918 (class 2606 OID 16809)
-- Name: django_admin_log django_admin_log_user_id_c564eba6_fk_accounts_user_id; Type: FK CONSTRAINT; Schema: public; Owner: employee_admin
--

ALTER TABLE ONLY public.django_admin_log
    ADD CONSTRAINT django_admin_log_user_id_c564eba6_fk_accounts_user_id FOREIGN KEY (user_id) REFERENCES public.accounts_user(id) DEFERRABLE INITIALLY DEFERRED;


--
-- TOC entry 4919 (class 2606 OID 16854)
-- Name: employees_employee employees_employee_department_id_410c23c8_fk_departmen; Type: FK CONSTRAINT; Schema: public; Owner: employee_admin
--

ALTER TABLE ONLY public.employees_employee
    ADD CONSTRAINT employees_employee_department_id_410c23c8_fk_departmen FOREIGN KEY (department_id) REFERENCES public.departments_department(id) DEFERRABLE INITIALLY DEFERRED;


--
-- TOC entry 4922 (class 2606 OID 19776)
-- Name: payroll_payroll payroll_payroll_employee_id_cd24ccf6_fk_employees_employee_id; Type: FK CONSTRAINT; Schema: public; Owner: employee_admin
--

ALTER TABLE ONLY public.payroll_payroll
    ADD CONSTRAINT payroll_payroll_employee_id_cd24ccf6_fk_employees_employee_id FOREIGN KEY (employee_id) REFERENCES public.employees_employee(id) DEFERRABLE INITIALLY DEFERRED;


--
-- TOC entry 5106 (class 0 OID 0)
-- Dependencies: 5
-- Name: SCHEMA public; Type: ACL; Schema: -; Owner: employee_admin
--

REVOKE USAGE ON SCHEMA public FROM PUBLIC;
GRANT ALL ON SCHEMA public TO PUBLIC;


-- Completed on 2026-06-27 16:36:26

--
-- PostgreSQL database dump complete
--

\unrestrict d7Pb2xPpORZeSvcBEAKYWj7qc3Ut6rp2SsP2A5XXoyEbHDyydENWn03pOKDKQBn

